index,Vietnamese,Rating,emotion,label,data_category
1,BÃ¡n toÃ n Ä‘á»“ mÃ³p khÃ´ng,1,negative,0,train
2,cháº£ dÃ¹ng Ä‘Æ°á»£c viá»‡c gÃ¬,2,negative,0,val
3,Cháº£o chiÃªn ko Ä‘áº¹p,2,negative,0,train
4,cháº£o giao bá»‹ mÃ³p,1,negative,0,train
5,giao hÃ ng quÃ¡ cháº­m,3,negative,0,train
6,the fan can't turn on,5,negative,0,train
7,"  hÃ ng giao nhanh. Ä‘Ã³ng gÃ³i cáº©n tháº­n. ráº¥t hÃ i lÃ²ng. nhÆ°ng Ä‘Äƒng kya báº£o hÃ nh chÆ°a tháº¥y há»“i Ã¢m. váº«n chá»
",5,positive,2,train
8,- BÃ n á»§i Ä‘áº¹p -1 láº§n Ä‘á»• nÆ°á»›c á»§i Ä‘c 1 cÃ¡i Ã¡o. - á»§i Ä‘á»§ tháº³ng chá»© ko nhÆ° bÃ n á»§i thÆ°á»ng Ä‘c. - thÃ­ch há»£p cho ai lÃ m biáº¿ng hoáº·c Ä‘i du lá»‹ch.,5,positive,2,val
9," ÄÃ£ nháº­n Ä‘Æ°á»£c hÃ ng shop Ä‘Ã³ng gÃ³i cáº©n vÃ´ cÃ¹ng nhiá»u lá»›p chá»‘ng sá»‘c nÃªn nguyÃªn váº¹n Ko bá»‹ mÃ³p mÃ©o, ná»“i Ä‘áº¹p chuáº©n khá»i pháº£i bÃ n mua dip 12/12 Ä‘Æ°á»£c táº·ng 1 ná»“i, cáº£m Æ¡n shop ",5,positive,2,val
10,"- Ä‘Ã³ng gÃ³i : shop Ä‘Ã³ng hÃ ng cáº©n tháº­n, cháº¯c cháº¯n. - giÃ¡ : sÄƒn sale giÃ¡ quÃ¡ há»i cho nhá»¯ng chiáº¿c cháº£o xá»‹n xÃ², xinh xáº¯n. - cháº¥t lÆ°á»£ng sáº£n pháº©m: nháº¯c Ä‘áº¿n Tefal thÃ¬ No1 +cháº£o chá»‘ng dÃ­nh xuáº¥t sáº¯c: mÃ¬nh Ä‘Ã£ thá»­ báº±ng viá»‡c chiÃªn trá»©ng vá»›i 1 lÆ°á»£ng dáº§u ráº¥t Ã­t xá»‹t trÃªn bá» máº·t, trá»©ng k há» bá»‹ dÃ­nh á»Ÿ cháº£o nhÆ° nhá»¯ng loáº¡i cháº£o khÃ¡c. + bÃ¡o nhiá»‡t thÃ´ng minh giÃºp mÃ¬nh Ä‘iá»u chá»‰nh Ä‘Æ°á»£c nhiá»‡t Ä‘á»™ giÃºp mÃ³n Äƒn ngon hÆ¡n vÃ  an toÃ n cho sá»©c khoáº». + cháº£o Ä‘c phá»§ vÃ¢nÄ‘Ã¡ nÃªn ráº¥t dá»… dÃ ng vá»‡ sinh. ÄÃ¢y lÃ  bá»™ sÆ°u táº­p Tefal cá»§a mÃ¬nh",5,positive,2,train
11, Ä‘Ã³ng gÃ³i cáº©n tháº­n giao nhanh ok quÃ¡,5,positive,2,train
12,"- Ä‘Ã³ng gÃ³i ráº¥t kÄ© 
- cá»‘i thuá»· tinh nÃªn ráº¥t náº·ng tay, bÃª 2 tay nÃªn vá»‡ sinh hÆ¡ khÃ³
- xay vÃ  náº¥u khÃ¡ ngon, má»‹n (chá»‰ má»›i thá»­ sá»¯a báº¯p, bÃ­ Ä‘á»)
- Ä‘áº§u cáº¯m 3 cháº¥u
- khi váº­n hÃ nh mÃ¡y khÃ¡ á»“n, tÆ°Æ¡ng Ä‘Æ°Æ¡ng mÃ¡y hÃºt bá»¥i nÃªn hÆ¡i ngáº¡i khi nhÃ  á»Ÿ chung cÆ°",4,positive,2,train
13,"- Giao hÃ ng nhanh chÃ³ng, Ä‘áº·t hÃ ng khung giá» 0-2h ngÃ y 11/11 Ä‘áº¿n trÆ°a ngÃ y 12/11 Ä‘Ã£ nháº­n Ä‘Æ°á»£c hÃ ng. - HÃ¬nh thá»©c ná»“i Ä‘áº¹p, Ä‘Ã³ng gÃ³i cáº©n tháº­n. - Tuy nhiÃªn Ä‘áº·t hÃ ng khung giá» 0-2h cÃ³ quÃ  táº·ng lÃ  cháº£o rÃ¡n nhÆ°ng khÃ´ng tháº¥y Ä‘Ã­nh kÃ¨m vá»›i ná»“i. Mong Tefal pháº£n há»“i sá»›m. Váº«n vote 5 sao cho hÃ£ng.",5,positive,2,train
14,"- giao hÃ ng nhanh, Ä‘Ã³ng gÃ³i cáº©n tháº­n - váº«n chÆ°a xÃ i nÃªn sáº½ pháº£n há»“i káº¿t quáº£ sá»­ dá»¥ng sau",5,positive,2,train
15," giao hÃ ng nhanh, Ä‘Ã³ng gÃ³i ká»¹ cÃ ng, cháº£o Ä‘áº¹p, tuy hÆ¡i nháº¹ nhÆ°ng mong ráº±ng sáº½ sá»­ dá»¥ng tá»‘t, Ä‘Ã¡nh giÃ¡ 5 sao ",5,positive,2,train
16,"- Giao hÃ ng:  nhanh. ( khuya Ä‘áº·t 2h lÃ  16 giá» giao)
- GÃ³i hÃ ng ká»¹.
- ChÆ°a xÃ i nÃªn chÆ°a biáº¿t cháº¥t lÆ°á»£ng ra sao, nhÆ°ng vá» máº«u mÃ£ mÃ¬nh tháº¥y ok. 
- MÃ¬nh tháº¥y cÃ³ báº¡n mua 2 cháº£o nhÆ° mÃ¬nh Ä‘Æ°á»£c táº·ng cháº£o lá»›n,  nhÆ°ng mÃ¬nh láº¡i khÃ´ng tháº¥y hÃ ng táº·ng.
",4,positive,2,train
17,"- Láº§n Ä‘áº§u sÄƒn Ä‘c cháº£o Tefal. ÄÃºng lÃ  hÃ ng Tefal xá»‹n xÃ² cÃ³ khÃ¡c, nháº­n hÃ ng cáº£m tháº¥y ráº¥t Æ°ng: nho nhá» xinh xinh dÃ¹ng Ä‘á»ƒ rÃ¡n trá»©ng thÃ¬ tuyá»‡t vá»i háº¿t xáº£y. Ráº¥t phÃ¹ há»£p Ä‘á»ƒ náº¥u máº¥y mÃ³n Ã­t Ã­t nho nhá». ÄÃ³ng gÃ³i cÅ©ng tÆ°Æ¡ng Ä‘á»‘i cáº©n tháº­n, cháº£o ráº¥t nháº¹ luÃ´n, nháº­n hÃ ng mÃ  cáº£m giÃ¡c nhÆ° thÃ¹ng rá»—ng váº­y :)) - HÆ¡i tiáº¿c lÃ  loáº¡i nÃ y ko sÃ i Ä‘c cho báº¿p tá»«, mÃ  giá» báº¿p tá»« lÃ  Ä‘iá»u quÃ¡ hiá»ƒn nhiÃªn vÃ  bt rá»“i :((",5,positive,2,train
18," Máº·c dÃ¹ á»Ÿ tá»‰nh xa xÃ´i nhÆ°ng shop giao hÃ ng nhanh chÃ³ng , hÃ ng Ä‘áº¹p , shop Ä‘Ã³ng gÃ³i kÄ© cÃ ng ,cháº¯c cháº¯n .",5,positive,2,val
19,"- Má»—i ngÃ y Äƒn hÅ© sá»¯a chua Da xinh, dÃ¡ng Ä‘áº¹p, khoáº» ngay liá»n nÃ¨ - Äá»ƒ tÄƒng sá»©c Ä‘á» khÃ¡ng thÃ¬ má»—i sÃ¡ng nÃªn Äƒn sá»¯a chua nha quÃ½ zá»‹ - Healthy ko khÃ³ Ä‘Ã£ cÃ³ sá»¯a chua lo nha - Thá»© 2 sáº£ng khoÃ¡i Äƒn schua thoáº£i mÃ¡i n - Sá»¯a chua phomai- tÃ¬nh Ä‘áº­m mÃ£i ko phai - Sá»¯a chua lÃ¡ dá»©a- - Sá»¯a chua than tre Xáº¿p hangf chá» Ä‘á»£i Ä‘Ã£ lÃ¢u",5,positive,2,train
20,"
ğŸ¥°Sáº£n pháº©m ráº¥t xinh Ä‘áº¹p tuyá»‡t vá»i, tÃ´i khÃ´ng thá»ƒ trÃ´ng Ä‘á»£i gÃ¬ hÆ¡n. Cáº£m Æ¡n nhÃ  cung cáº¥p, nhÃ  sáº£n xuáº¥t, cáº£m Æ¡n ngÆ°á»i bÃ¡n hÃ ng, cáº£m Æ¡n sÃ n thÆ°Æ¡ng máº¡i Ä‘iá»‡n tá»­, cáº£m Æ¡n ngÆ°á»i váº­n chuyá»ƒn Ä‘á»ƒ tÃ´i cÃ³ cÆ¡ há»™i dÃ¹ng sáº£n pháº©m tá»‘t nhÆ° tháº¿ nÃ y.
",5,positive,2,train
21,(TB) Dich vu MyTunes TANG 10.000d vao TKC cua Quy khach khi soan DK gui 1599 (0d) sau 8 ngay duy tri dich vu. Sau km 3000d/tuan. Chi tiet (0d) hoac truy cap mytunes.vn. Cam on Quy khach.,5,positive,2,train
22,"* Ná»“i chiÃªn khÃ´ng dáº§u Tefal EY701D15(XXL-5.6L-1700W) bá»‹ lá»—i (lá»—i thoÃ¡t hÆ¡i nÃ³ng táº¡i vá»‹ trÃ­ giá»¯a thÃ¢n ná»“i vÃ  khay nÆ°á»›ng). Má»›i Ä‘áº§u liÃªn há»‡ thÃ¬ Tefal store tá»« chá»‘i yÃªu cáº§u Ä‘á»•i sáº£n pháº©m lá»—i, nhÆ°ng sau Ä‘Ã³ thÃ¬ Tefal store Ä‘Ã£ cáº§u thá»‹ Ä‘á»•i má»›i sáº£n pháº©m cho khÃ¡ch hÃ ng vÃ  táº·ng kÃ¨m vourcher 20%, tuy sáº£n pháº©m Ä‘á»•i chÆ°a Ä‘Æ°á»£c Æ°ng Ã½ 100%, nhÆ°ng váº«n ghi nháº­n dá»‹ch vá»¥ sau bÃ¡n hÃ ng cá»§a Tefal store Ä‘Ã£ quan tÃ¢m Ä‘áº¿n KH. * RiÃªng Lazada thÃ¬ Ä‘á» nghá»‹ xem láº¡i bá»™ pháº­n kiá»ƒm tra hÃ ng lá»—i (Dispute VN Team) lÃ m kiá»ƒu gÃ¬ ? mÃ  khi khÃ¡ch hÃ ng (KH) gá»­i sp lá»—i kÃ¨m hÃ¬nh áº£nh lá»—i cho Lazada Ä‘á»ƒ kiá»ƒm tra, nhÆ°ng sau khi kiá»ƒm tra xong thÃ¬ Lazada phÃ¡n sp khÃ´ng Ä‘á»§ Ä‘iá»u kiá»‡n Ä‘á»•i tráº£ vÃ  gá»­i tráº£ láº¡i sp cho KH. KH tiáº¿p tá»¥c khiáº¿u náº¡i thÃ¬ láº¡i báº¯t KH quay video sp Ä‘á»ƒ lÃ m báº±ng chá»©ng gá»­i láº¡i cho Lazada xem xÃ©t. Cho Ä‘áº¿n giá» KH Ä‘Ã£ Ä‘Æ°á»£c Tefal store Ä‘á»•i sp má»›i rá»“i, nhÆ°ng Lazada váº«n chÆ°a giáº£i quyáº¿t xong cÃ¡i sp lá»—i theo cÃ¡i quy trÃ¬nh vÃ²ng láº­p khÃ´ng há»“i káº¿t !? (KH Ä‘Ã£ nháº­n xÃ©t láº¡i ngÃ y 03/6/2021 sau khi Ä‘Ã£ Ä‘Æ°á»£c Tefal Store Ä‘á»•i sp má»›i)",5,positive,2,train
23,". Ä‘Ã³ng gÃ³i sáº£n pháº©m cháº¯c cháº¯n, cháº¿ Ä‘á»™ xay sá»¯a nhanh, má»‹n thÆ¡m. mÃ¡y quay tá»‘c Ä‘á»™ nhanh thá»‰nh thoáº£ng cháº¡y rÃº lÃªn ráº¥t á»“n. sáº£n pháº©m khÃ¡ OK",5,positive,2,train
24,". Ã‰p ra bÃ£ nhiá»u nÆ°á»›c. LÆ°á»£ng nc thu dc ráº¥t ita mÃ  cá»±c kÃ¬ nhanh phÃ¢n 2 lá»›p, mÃ¬nh vá»«a má»›i Ã©p xong rÃ³t ra Ä‘Ã£ tháº¥y phÃ¢n 2 pháº§n nÆ°á»›c. ChÃ¢t Liá»‡u thÃ¬ dÃ¹ng nhá»±a cá»©ng, trong Æ°u Ä‘iáº»m mÃ¡y má»›i sáº½ nhÃ¬n sÃ¡ng sá»§a. NhÆ°ng cÅ© nÃ³ sáº½ bá»‹ Ä‘á»¥c vÃ  cá»±c kÃ¬ dá»… vá»¡ ná»©t báº¡n lá»¡ tay lÃ m rÆ¡i 1 bá»™ pháº­n nÃ o. MÃ¬nh vá»«a mua xong Ä‘Ã£ lÃ  rÆ¡i ná»©t cÃ¡i náº¯p ca há»©ng nc Ã©p. LÆ°á»¡i dao Ã©p ko nÃ¡t háº¿t, cÃ²n nhÃ¬u miáº¿ng bá»± rá»›t ra",4,positive,2,train
25,"[Ná»“i chiÃªn khÃ´ng dáº§u 4L2 nÃºt cáº£m á»©ng] Táº·ng kÃ¨m bÃ¬nh Ä‘un siÃªu tá»‘c giÃ¡ 2tr5. + Sáº£n pháº©m khi dÃ¹ng chiÃªn pháº£i trá»Ÿ máº·t náº¿u khÃ´ng sáº½ khÃ´ng chÃ­nh Ä‘á»u. Thá»i gian chiÃªn khÃ¡ lÃ¢u khoáº£ng 20 Ä‘áº¿n 30p Ä‘á»ƒ chÃ­nh Ä‘á»u hai máº·t. MÃ¡y cÃ³ cháº¿ Ä‘á»™ háº¹n giá» bÃ¡o Ä‘á»™ng. MÃ¡y chiÃªn khÃ¡ á»“n! ÄÆ°á»£c Ä‘iá»ƒm cá»™ng lÃ  dá»… dÃ ng vá»‡ sinh vÃ  Ä‘Äƒng kÃ½ báº£o hÃ nh online nhanh vÃ  tiá»‡n. + BÃ¬nh siÃªu tá»‘c: Ä‘áº¿ Ä‘un nhá»±a má»ng, dÃ¢y Ä‘iá»‡n ngáº¯n khÃ¡ báº¥t tiá»‡n, bÃ¬nh Ä‘un thiáº¿t káº¿ khÃ´ng Ä‘áº¹p báº±ng cÃ¡c hÃ£ng khÃ¡c. Äun sÃ´i nhanh.",5,positive,2,train
26,"[TB] NHAN NGAY 1GB data toc do cao. Soan DK D5 gui 1311 chi voi 5.000d/ngay (Thue bao phai so huu goi data). (0d). Tu choi, soan TC gui 1311.",5,positive,2,train
27,"1 tá»« TUYá»†T. GiÃ¡ sÄƒn sale 1tr898 ( táº·ng kÃ¨m cháº£o 20cm ) luÃ´n ship. Ráº» so vá»›i cháº¥t lÆ°á»£ng. mÃ¡y sd nÃºm cÆ¡ nÃªn dá»… sá»­ dá»¥ng vÃ  cháº¯c sáº½ bá»n hÆ¡n mÃ ng hÃ¬nh Ä‘iá»‡n tá»­. nÆ°á»›ng thá»‹t má»n thÆ¡m, tÆ° váº¥n nhanh vÃ  chuáº©n xÃ¡c. mÃ¬nh ráº¥t hÃ i lÃ²ng. mn nÃªn mua nha.",5,positive,2,train
28,"1. Giao hÃ ng nhanh máº·c dÃ¹ mÃ¬nh á»Ÿ xÃ£.
2. ÄÃ³ng gÃ³i táº¡m á»•n, há»™p Ä‘áº¿n tay khÃ¡ mÃ³p mÃ©o.
3. Äá»§ hÃ ng vÃ  Ä‘Ãºng sáº£n pháº©m theo Ä‘Æ¡n Ä‘áº·t hÃ ng.
4. Sáº£n pháº©m Ä‘Ãºng mÃ´ táº£, xá»©ng Ä‘Ã¡ng trong táº§m giÃ¡.
5. Sáº£n pháº©m tá»‘t, nÃªn mua.",5,positive,2,train
29,1. Giao hÃ ng nhanh. 2. ÄÃ³ng gÃ³i táº¡m á»•n. 3. ÄÆ¡n hÃ ng Ä‘Ãºng thÃ´ng tin. 4. Sáº£n pháº©m bá»‹ mÃ³p mÃ©o yÃªu cáº§u Ä‘á»“i hÃ ng má»›i --- Lazada Ä‘Ã£ liÃªn há»‡ thu há»“i hÃ ng. Gian hÃ ng Ä‘Ã£ gá»­i sorry voucher vÃ  gá»i cho mÃ¬nh Ä‘á»ƒ há»— trá»£,5,positive,2,train
30,"1. HÃ ng hÃ³a Ä‘Ãºng mÃ´ táº£ vÃ  thÃ´ng tin kÃ¨m.

2. ÄÃ³ng gÃ³i cháº¯c vÃ  ká»¹ cÃ ng.

3. KhÃ´ng cÃ³ Ä‘á»‹a chá»‰ vÃ  thÃ´ng tin cá»­a hÃ ng báº£o hÃ nh cÃ¡ch nÃ o. 
QuÃ½ khÃ¡ch mua cáº§n lÆ°u Ã½ viá»‡c nÃ y Ä‘á»ƒ khi cáº§n báº£o hÃ nh chá»‹u thiá»‡t háº¡i.

* Pháº£n Ã¡nh Ä‘Æ°á»£c cá»­a hÃ ng quÃ¢n tÃ¢m khÃ¡ch hÃ ng.
* CÃ¡m Æ¡n AC.",5,positive,2,val
31,1000*cáº£m Æ¡n shop,5,positive,2,train
32,"100Ä‘ cho giao hÃ ng lzd, giao quÃ¡ nhanh, Ä‘Ã³ng hÃ ng siÃªu kÄ©, mÃ¡y dÃ¹ng tá»‘t, xay nhuyá»…n á»Ÿ má»©c vá»«a.",5,positive,2,train
33,"11/11 Ãp mÃ£ tÃ­ch luá»¹ cá»§a Lazada, giao hÃ ng nhanh trong ngÃ y. Hi vá»ng ná»“i xÃ i tá»‘t. Äáº·t hÃ ng khung 0-2h hi vá»ng Ä‘Æ°á»£c quÃ  táº·ng ^_^",5,positive,2,train
34,"11Ä‘ cho khÃ¢u Ä‘Ã³ng gÃ³i vÃ´ cÃ¹ng cháº¥t lÆ°á»£ng cá»§a Lazada. Pháº£i tháº¿ thÃ¬ nhá»¯ng váº­t dá»… vá»¡, mÃ³p mÃ©o má»›i an tÃ¢m. Vá» sáº£n pháº©m thÃ¬ Ä‘áº¹p, cháº¯c tay, kháº£ nÄƒng chá»‘ng dÃ­nh vÃ  vá»‡ sinh cáº§n tg Ä‘á»ƒ test.",5,positive,2,train
35,"12.12 sÄƒn sale giÃ¡ má»m mÃ  láº¡i Ä‘c táº·ng thÃªm 1 cÃ¡i ná»“i ná»¯a, quÃ¡ tuyá»‡t. giao hÃ ng nhanh, Ä‘Ã³ng gÃ³i cáº©n tháº­n. ná»“i cÅ©ng quÃ¡ Ä‘áº¹p. Æ°ng Ã½ háº¿t sá»©c. táº·ng máº¹ bá»™ ná»“i tháº­t quÃ¡ hÃ i lÃ²ng",5,positive,2,train
36,"2 cÃ¡i Ä‘á»u cÃ³ váº¿t lÃµm á»Ÿ cáº¡nh cháº£o vÃ  cáº¡nh Ä‘Ã¡y dÆ°á»›i vÃ nh nhiá»…m tá»« giá»‘ng nhÆ° váº¿t dao chÃ©m, cÃ³ nhiá»u váº¿t xÆ°á»›c á»Ÿ lÃ²ng cháº£o,nhÆ°ng tÃ´i váº«n cháº¥p nháº­n mua.Laz kiá»ƒm tra xem Ä‘Æ¡n hÃ ng.hai báº©y hai má»™t tÃ¡m chÃ­n ba bá»‘n bá»‘n nÄƒm hai chÃ­n má»™t chÃ­n ba , tÃ´i Ä‘Ã£ hoÃ n tráº£ tá»« ngÃ y . hai sÃ¡u thÃ¡ng má»™t nÄƒm hai mÆ°Æ¡i Ä‘áº¿n nay ngÃ y hai mÆ°Æ¡i thÃ¡ng hai nÄƒm hai má»™t tÃ´i váº«n chÆ°a nháº­n Ä‘Æ°á»£c hoÃ n tiá»n tá»« Laz vÃ¬ trong lÃ²ng cháº£o chá»‘ng dÃ­nh bá»‹ nhiá»u vÃªt xÆ°á»›c náº·ng..CÃ¡m Æ¡n",5,positive,2,train
37,"2 cháº£o 8xx thÃ¬ mÃ¬nh tháº¥y khÃ¡ ráº», chá»‰ nhá»‰nh hÆ¡n nhá»¯ng sáº£n pháº©m son ná»“i thÃ´ng thÆ°á»ng. Máº«u mÃ£ Ä‘áº¹p, sang trá»ng, khÃ¡c hoÃ n toÃ n bá»™ son ná»“i cÅ© cá»§a gia Ä‘Ã¬nh mÃ¬nh. BÃ¡o Ä‘á» giá»¯a cháº£o thuáº­n tiá»‡n cho ngÆ°á»i náº¥u Äƒn, khi nÃ o lÃ  cháº£o Ä‘Ã£ Ä‘á»§ Ä‘á»™ nÃ³ng cáº§n thiáº¿t, Ä‘iá»ƒm + cho sá»± sÃ¡ng táº¡o cá»§a Tefal VÃ¢n Ä‘Ã¡ dá»… vá»‡ sinh hÆ¡n kim loáº¡i thÃ´ng thÆ°á»ng theo mÃ¬nh tháº¥y Sáº£n pháº©m Ä‘Æ°á»£c Ä‘Ã³ng gÃ³i kÄ© lÆ°á»¡ng, khÃ´ng bá»‹ mÃ³p mÃ©o trong quÃ¡ trÃ¬nh váº­n chuyá»ƒn Lazada giao hÃ ng nhanh, thÃ¢n thiá»‡n 5* cho cáº£ 2",5,positive,2,train
38,"2 cháº£o dÃ y, cháº¯c cháº¯n, Ä‘áº¹p. Ná»“i to, hÆ¡i má»ng. Tá»•ng thá»ƒ 3 mÃ³n 600k thÃ¬ 5 sao, ráº¥t Æ°ng. Giao hÃ ng ráº¥t lÃ¢u",5,positive,2,train
39,"2 cháº£o nhÃ¬n OK, lazada Ä‘Ã³ng hÃ ng siÃªu ká»¹ cÃ³ cáº£ chá»‘ng sá»‘c trong vÃ  ngoÃ i thÃ¹ng, chÃ¨n lÃ³t thÃªm Ä‘á»ƒ thÃ¹ng cháº·t!",5,positive,2,train
40,"24cm-28cm thÃ¬ Ä‘áº¹p, 20cm nhá» quÃ¡ ,tÄƒng giÃ¡ cho cháº£o to lÃªn :) cáº£m Æ¡n shop nhiá»u nhÃ©, chÃºc shop sá»©c khá»e vÃ  mua may bÃ¡n Ä‘áº¯t",5,positive,2,train
41,2chao ráº¥t ok khÃ´ng mÃ³p mÃ©o Ä‘Ã³ng gÃ³i ráº¥t cáº©n tháº­n cÃ²n cháº¥t lÆ°á»£ng thÃ¬ chÆ°a biáº¿t Ä‘á»ƒ xÃ i má»›i biáº¿t cÃ³ bá»n khÃ´ng,4,positive,2,train
42,3 cháº£o Ä‘áº¹p Ä‘á»‘ng gÃ³i ká»‰ vÃ¢n Ä‘Ã¡ xuáº¥t sáº¯c.... sÄƒn Ä‘Æ°á»£c trong Ä‘á»£t sale ğŸ¤£ mÃ  giao hÆ¡i lÃ¢u nhÃ© shop...nháº¯c mÃ£i má»›i chá»‹u Ä‘Ã³ng gÃ³i...vÃ¬ váº­y 4* cho cháº¥t lÆ°á»£ng phá»¥c vá»¥ ....nhÆ°ng váº«n cho 5* vÃ¬ nhÃ  tefal Ä‘áº§u tÆ° nhiá»u trong chÃ©m giÃ¡ğŸ˜ #áº£nh mang tÃ­nh cháº¥t kiáº¿m xu thÃ´i nhÃ© má»i ngÆ°á»i!,5,positive,2,train
43,"5 sao cho shop giao hÃ ng vÃ  Ä‘Ã³ng gÃ³i. Ná»“i Ä‘áº¹p, ráº¥t xá»‹n sÃ². cháº¡y Ãªm, thá»‹t nÆ°á»›ng ngon, nÃ³i chung ok. Ä‘á»™ bá»n thÃ¬ pháº£i dÃ¹ng lÃ¢u má»›i biáº¿t",5,positive,2,train
44,"áº¥m cháº¯c cháº¯n, Ä‘áº¹p, Ä‘un nhanh. ráº¥t hÃ i lÃ²ng",5,positive,2,val
45,"áº¥m cháº¯c cháº¯n, hoÃ n thiá»‡n Ä‘áº¹p. máº·c dÃ¹ lÃ  hÃ ng táº·ng nhÆ°ng ráº¥t hÃ i lÃ²ng.",5,positive,2,val
46,áº¤m Ä‘áº¹p,5,positive,2,train
47,áº¤m Ä‘áº¹p bá»n cháº¥t liá»‡u tá»‘t,5,positive,2,train
48,áº¤m Ä‘áº¹p nhÆ°ng dÃ¢y siÃªu ngáº¯n. Pháº£i ná»‘i thÃªm,4,positive,2,train
49,"áº¥m Ä‘áº¹p, giao hÃ ng nha hÆ¡n dá»± kiáº¿n, anh shipper thá»±c hiá»‡n 5k tá»‘t",5,positive,2,train
50,"áº¤m Ä‘áº¹p, giao hÃ ng nhanh",5,positive,2,train
51,áº¤m Ä‘áº¹p. NhÃ¬n cháº¯c cháº¯n. NhÆ°ng hÆ¡i nhá» dÃ¹ng cÃ¡ nhÃ¢n lÃ  há»£p lÃ­. NÃªn mua vá» Ä‘á»ƒ sá»­ dá»¥ng. Giao hÃ ng hÆ¡i lÃ¢u,5,positive,2,train
52,"áº¤m Ä‘iá»‡n siÃªu tá»‘c, nhá» nháº¯n xinh xáº¯n, thiáº¿t káº¿ chÄƒcs cháº¯n. Äun nÆ°á»›c nhanh, thÃ­ch há»›pj Ä‘á»ƒ Ä‘un nÆ°á»›c pha trÃ , cÃ  phÃª.",5,positive,2,train
53,"áº¥m Ä‘un Ä‘áº¹p, Ä‘un nÆ°á»›c nhanh, khÃ´ng á»“n! cÃ³ chá»‰nh nhiá»‡t Ä‘á»™ Ä‘un ráº¥t tiá»‡n dá»¥ng! gÃ³i hÃ ng cháº¯c cháº¯n, giao hÃ ng nhanh! hÃ i lÃ²ng",5,positive,2,train
54,"áº¤m Ä‘un nhanh, cháº¯c cháº¯n, hÃ¬nh thá»©c Ä‘áº¹p, nÃªn mua",5,positive,2,train
55,"Ã¢m Ä‘un nhanh, xinh láº¯m",5,positive,2,train
56,"áº¤m Ä‘un táº·ng kÃ¨m ná»“i chiÃªn khÃ´ng dáº§u. Nhá» gá»n, nhÃ¬n cháº¯c cháº¯n, thÃ­ch máº¯t láº¯m. Giao hÃ ng nhanh láº¯m nha",5,positive,2,train
57,"áº¤m Ä‘un thÃ­ch láº¯m nhÃ© má»i ngÆ°á»i, mÃ¬nh dÃ¹ng hÃ¬nh áº£nh láº¥y trÃªn trang.",5,positive,2,train
58,"áº¤m Ä‘un tá»‘t, tuy nhiÃªn Ä‘iá»ƒm trá»« lÃ  dung tÃ­ch hÆ¡i nhá». HÃ ng free nÃªn Ä‘Ã nh cháº¥p nháº­n",5,positive,2,val
59,áº¥m Ä‘Æ°á»£c khuyáº¿n mÃ£i theo ná»“i chiÃªn mÃ¬nh chÆ°a dÃ¹ng nhung nhÃ¬n bÃªn ngoÃ i ráº¥t Ä‘áº¹p,5,positive,2,val
60,"áº¤m mini nhá» xinh,shop Ä‘Ã³ng gÃ³i cáº©n tháº­n",5,positive,2,val
61,"áº¤m nhÃ¬n Ä‘áº¹p, náº¥u nhanh sÃ´i. CÃ³ Ä‘iá»u náº¯p má»Ÿ hÆ¡i cá»©ng k báº­t máº¡nh nhÆ° cá»¡ áº¥m 1,2l cá»§a tefal. Giá» hÃ ng nhanh",5,positive,2,train
62,"áº¤m nhá» gá»n, Ä‘Ãºng hÃ ng Tefal, shop giao hÃ ng nhanh.",5,positive,2,train
63,"áº¥m nÆ°á»›c Ä‘Æ°á»£c táº·ng hÃ ng Ä‘áº¹p, xÃ i ok",5,positive,2,train
64,"áº¤m ráº¥t Ä‘áº¹p vÃ  sang, dung tÃ­ch lá»›n , Ä‘un sÃ´i nhanh. CÃ³ 2 cháº¿ Ä‘á»™ Ä‘un vÃ  giá»¯ áº¥m theo nhiá»‡t Ä‘á»™ sáºµn. BÃªn trong inox bÃªn ngoÃ i lÃ  nhá»±a. NhÆ°ng náº¿u bá»‹ tráº§y thÃ¬ ráº¥t dá»… nhÃ¬n tháº¥y. Mua sale 10.10 giao nhanh trong vÃ²ng 2 ngÃ y. KÃ­ch hoáº¡t báº£o hÃ nh onl",5,positive,2,train
65,"áº¤m ráº¥t nhá» xinh, Ä‘Ãºng vá»›i Ã½ thÃ­ch. Tuy nhiÃªn lÃºc Ä‘un thá»­ thÃ¬ chá»— cáº§m hÆ¡i nÃ³ng lÃªn. NhÆ° váº­y sáº½ hÆ¡i báº¥t tiá»‡n náº¿u cáº§n Ä‘un 2-3 áº¥m liÃªn tá»¥c. Trá»« 1 sao vÃ¬ nhÆ°á»£c Ä‘iá»ƒm nÃ y.",5,positive,2,train
66,"áº¤m siÃªu dá»… thÆ°Æ¡ng â¤ï¸ CÃ¡m Æ¡n Laz Ä‘Ã£ ráº¥t nhiá»‡t tÃ¬nh,cá»‘ gáº¯ng giao cho Ä‘Æ°á»£c hÃ ng tá»›i tay khÃ¡ch hÃ ng trong lÃºc dá»‹ch bá»‡nh cÄƒng tháº³ng.",5,positive,2,train
67,"áº¥m sz mini ráº¥t xinh, Ä‘Ãºng siÃªu tá»‘c dÃ¹ng pha cf ,,Ä‘á»™ bá»n chÆ°a biáº¿t ntn ,,giÃ¡ cÅ©ng chÆ°a tá»‘t láº¯m",4,positive,2,train
68,"áº¤m xá»‹n, Ä‘áº¹p",5,positive,2,train
69,"áº¥m xinh xinh,hÃ i lÃ²ng",5,positive,2,train
70,"áº¤m xinh, dá»… thÆ°Æ¡ng, giao hÃ ng cá»±c nhanh, Ä‘Ã³ng gÃ³i quÃ¡ ká»¹, lÃ m má»Ÿ hÃ ng máº¯c má»£t luÃ´n hÃ . Ko bao giá» tháº¥t vá»ng Tefal",5,positive,2,train
71,"áº¤m xinh, gá»n. Äáº¹p",5,positive,2,train
72,"áº¤n khuyáº¿n máº¡i, dÃ¡ng Ä‘áº¹p, nÃ³ng nhanh.",5,positive,2,train
73,"áº¨n pháº©m Ä‘Ã³ng gÃ³i ká»¹ cÃ ng, hÃ ng táº·ng cÅ©ng ráº¥t okela Má»›i test bÃªn ngoÃ i, chÆ°a xÃ i nÃªn chÆ°a Ä‘Ã¡nh giÃ¡ Ä‘c cháº¥t lÆ°á»£ng ra sao",5,positive,2,train
74,Ban Ä‘áº§u cá»© lo bá»™ cháº£o nÃ y bá»‹ mÃ³p mÃ©o. NhÆ°ng may máº¯n lÃ  khÃ´ng cÃ¡i nÃ o bá»‹. NhÃ¬n máº«u mÃ£ Ä‘áº¹p. Sá»­ dá»¥ng xem má»›i biáº¿t bá»n khÃ´ng,5,positive,2,val
75,Ban dau Hang giao nhanh nhung Noi bi meoâ€™ nen khong the day nap vung. Tuy nhien hang da nhiet tinh lien he lai de doi tra noi moi,5,positive,2,val
76,BÃ n lÃ  cháº¯c cháº¯n phun hÆ¡i nÆ°á»›c cÃ³ gÃ¬ tráº¯ng tráº¯ng ra nhÆ°ng cháº¯c do bÃ n lÃ  sá»­ dá»¥ng láº§n Ä‘áº§u. LÃ  nhanh tháº³ng,5,positive,2,val
77,BÃ n lÃ  mÃ u sáº¯c vÃ  máº«u mÃ£ Ä‘áº¹p. Cáº§m cháº¯c tay lÃ  ráº¥t thÃ­ch áº¡ ğŸ˜,5,positive,2,train
78,"bÃ n á»§i cáº§m cháº¯c tay, á»§i nhanh tháº³ng Ä‘á»“, á»§i Ä‘Æ°á»£c 4 cÃ¡i Ã¡o, ráº¥t hÃ i lÃ²ng, sáº£n pháº©m tuyá»‡t vá»i, mua Ä‘Æ°á»£c giÃ¡ giáº£m",5,positive,2,train
79,BÃ n á»§i Ä‘áº¹p tá»‘t,5,positive,2,train
80,"BÃ n á»§i Ä‘áº¹p, Ä‘Ã³ng gÃ³i cháº¯c cháº¯n. HÃ ng KM xá»‹n xÃ² ğŸ˜˜",5,positive,2,train
81,"BÃ n á»§i Ä‘áº¹p, giao hÃ ng Ä‘Ã³ng gÃ³i cáº©n tháº­n! KhÃ´ng bá»‹ bá»ƒ hay lá»—i gÃ¬ cáº£, thank shoppp",5,positive,2,train
82,"BÃ n á»§i Ä‘áº¹p, náº·ng, á»§i nhanh tháº³ng quáº§n Ã¡o. TÃºm láº¡i lÃ  xÃ i ráº¥t thich! Giao hÃ ng láº§n nÃ y nhanh láº¯m.",5,positive,2,train
83,"BÃ n á»§i Ä‘áº¹p,thá»­ nÃ³ng, chÆ°a sá»­ dá»¥ng, xÃ i tá»‘t sáº½ nháº­n xÃ©t tiáº¿p, giao hÃ ng nhanh, Ä‘Ã³ng hÃ ng cáº©n tháº­n, táº·ng shop 5sao",5,positive,2,train
84,BÃ n á»§i Ä‘áº¹p. CÃ³ Ä‘iá»u chá»‰ á»§i Ä‘Æ°á»£c Ã¡o má»ng. Váº£i linen hay váº£i dÃ y xÃ­u lÃ  ko tháº³ng Ä‘Æ°á»£c,5,positive,2,train
85,"Ban ui dung tot. Ma ship hoi lÃ¢u, ui do nhanh khong so bi chay quan ao . Minh thay tien loi khi hi do",5,positive,2,train
86,BÃ n á»§i nÃ y mÃ¬nh mua láº§n thá»© 2. Hy vá»ng nÃ³ cÅ©ng tá»‘t nhÆ° cÃ¡i trÆ°á»›c Ä‘Ã³. Giao hÃ ng nhanh. 5 sao,5,positive,2,train
87,bÃ n á»§i ráº» mÃ  á»Ÿ ngoÃ i Ä‘áº¹p kinh....mÃ¬nh nháº­n Ä‘c do dÃ¹ng xu mÃ  ko ngá» cháº¥t lÆ°á»£ng ko thá»ƒ mong Ä‘á»£i hÆ¡n ğŸ˜ á»Ÿ ngoÃ i Ä‘áº¹p hÆ¡n nhiá»u láº§n trong hÃ¬nh nhÃ© mnğŸ˜,5,positive,2,val
88,"BÃ n á»§i xá»‹n sÃ², ráº¥t okie ğŸ‘Œ",5,positive,2,train
89,"BÃ¡nh dá»… tan nÃªn khÃ´ng gÃ¢y hÃ³c, em bÃ© ráº¥t thÃ­ch, cáº£m Æ¡n Tefal vÃ¬ mÃ³n quÃ ",5,positive,2,train
90,"bÃ¡nh Ä‘Æ°á»£c táº·ng kÃ¨m Ä‘Ã³ng gÃ³i ráº¥t kÄ© nhÆ°ng váº«n bá»‹ bá»ƒ vÃ¬ lÃ  bÃ¡nh gáº¡o bÃ© mÃ¬nh ráº¥t thÃ­ch , cháº£o ráº¥t Ä‘áº¹p cáº§m náº·ng tay , canh sale giÃ¡ láº¡i ráº¥t há»£p lÃ½",5,positive,2,train
91,"BÃ¡nh gáº¡o Äƒn ngon bÃ© nhÃ  mÃ¬nh thÃ­ch Äƒn, vá»‹ giao hÃ ng nhanh.ko qua ngá»t.",5,positive,2,train
92,"bÃ¡nh ngon, khÃ´ng ngá»t quÃ¡, dá»… Äƒn, hÃ ng táº·ng mÃ  Ä‘Ã³ng gÃ³i ráº¥t cáº©n tháº­n , giao hÃ ng nhanh , ráº¥t hÃ i lÃ²ng",5,positive,2,train
93,"BÃ¡nh ngon, nhiá»u bÃ¡nh........ giao hÃ ng nhanh quÃ  táº·ng kÃ¨m Ä‘áº¿n cÃ²n sá»›m hÆ¡n hÃ ng.",5,positive,2,val
94,"bÃ¡nh ngon, phÃ¹ há»£p cho cÃ¡c bÃ© Äƒn dáº·m. giao hÃ ng nhanh. nhiá»‡t tÃ¬nh",5,positive,2,train
95,"BÃ¡t Ä‘áº¹p. Tuy nhiÃªn bÃ¡t con Ä‘á»±ng sá»‘t cháº¯c ko dÃ¡m Ä‘á»±ng sá»‘t vÃ¬ náº¯p quÃ¡ cháº¯c. Khi má»Ÿ lÃ  pháº£i dÃ¹ng lá»±c ráº¥t máº¡nh , Ä‘á»±ng Ä‘á»“ lá»ng thÃ¬ cháº¯c vÄƒng ra háº¿t khi má»Ÿ :)))",4,positive,2,train
96,BÃ© Äƒn ráº¥t thÃ­ch.ráº¥t cáº£m Æ¡n,5,positive,2,train
97,"BÃªn bÃ¡n hÃ ng cho mÃ¬nh cÃ¢u giáº£i thÃ­ch, mÃ¬nh muá»‘n Ä‘á»•i láº¡i cÃ¡i khÃ¡c. Náº¿u muá»‘n cÃ³ camera toÃ n cáº£nh mÃ¬nh khui hÃ ng cÃ³ luÃ´n nha shop. Hi vá»ng shop kháº¯c phá»¥c lá»—i nÃ y nhanh nháº¥t cÃ³ thá»ƒ giÃºp mÃ¬nh, mÃ¬nh cáº£m Æ¡n",5,positive,2,train
98,"bÃªn cskh nhiá»‡t tÃ¬nh, Ä‘c báº£o hÃ nh táº­n 2 nÄƒm,tá»‘t,nÃªn mua",5,positive,2,train
99,"BÃªn ngoÃ i bá»c kÄ© cÃ ng cáº©n tháº­n, má»Ÿ há»™p ná»“i cÆ¡m Ä‘áº¹p,nhÃ¬n ráº¥t lÃ  thÃ­ch. Äá»£i náº¥u thá»­ cÆ¡m ngon ná»¯a lÃ  ok",5,positive,2,val
100,bÃªn trong gÃ³i cáº©n tháº­n nhÆ°ng thÃ¹ng hÃ ng dÃ¡n khÃ´ng ká»¹. cháº£o ok.,5,positive,2,train
101,"Báº¿p cháº¯c cháº¯n, cáº§m náº·ng tay. cháº¿ Ä‘á»™ báº£o hÃ nh lÃ¢u. XÃ i khÃ¡ á»•n. LÃ¢u sÃ´i hÆ¡n hÃ ng trung nhÆ°ng nhÆ° tháº¿ má»›i tá»‘t.",5,positive,2,train
102,"báº¿p xÃ i tá»‘t, mua Ä‘á»£t sale Ä‘c táº·ng cháº£o ngon lÃ nh",5,positive,2,train
103,"bÃ¬nh cÃ³ váº» tá»‘t ,.............,.............,.............,.............,.............",5,positive,2,val
104,bÃ¬nh Ä‘áº¹p,5,positive,2,val
105,"bÃ¬nh Ä‘áº¹p, Ä‘Ã³ng gÃ³i cháº¯c cháº¯n, giao hÃ ng nhanh, BÃ¬nh giá»¯ nhiá»‡t Tefan WEGO 430ml - mÃ u Ä‘en.....",5,positive,2,train
106,"BÃ¬nh Ä‘áº¹p, Ä‘un nhanh, Ä‘iá»u chá»‰nh Ä‘Æ°á»£c nhiá»‡t Ä‘á»™ cáº§n Ä‘un nÃªn khÃ¡ tiá»‡n lá»£i. NÆ°á»›c sÃ´i 100oC vá» ngoÃ i chá»‰ hÆ¡i nÃ³ng nháº¹, an toÃ n cho nhá»¯ng gia Ä‘Ã¬nh cÃ³ tráº» nhá». Dá»‹ch mÃ  laz giao hÃ ng tá»« HN vÃ o TPHCM cá»±c nhanh",5,positive,2,train
107,"BÃ¬nh Ä‘áº¹p, hiá»‡n Ä‘áº¡i. ChÆ°a xÃ i nÃªn chÆ°a nháº­n xÃ©t Ä‘Æ°á»£c hi",5,positive,2,val
108,bÃ¬nh Ä‘un Ä‘áº¹p,5,positive,2,train
109,"BÃ¬nh Ä‘un nhÃ¬n ráº¥t Ä‘áº¹p, sáº¯c sáº£o. ChÆ°a sá»­ dá»¥ng nÃªn chÆ°a biáº¿t sao.",5,positive,2,train
110,"BÃ¬nh Ä‘un nhá» xinh, thÃ­ch há»£p cho gia Ä‘Ã¬nh. Shop há»— trá»£ khÃ¡ch hÃ ng ráº¥t nhiá»‡t tÃ¬nh.",5,positive,2,train
111,BÃ¬nh dÃ¹ng ok Nhanh Cháº¥t lÆ°á»£ng,5,positive,2,train
112,"BÃ¬nh gá»n, xinh, náº¥u nhanh vÃ  Ãªm. Ok Ã½.",5,positive,2,train
113,"BÃ¬nh nÃ y mÃ¬nh Ä‘Æ°á»£c táº·ng kÃ¨m khi mua ná»“i chiÃªn Tefal. ThÃ¹ng Ä‘á»±ng bÃ¬nh Ä‘un hÆ¡i mÃ³p mÃ©o nhÆ°ng may lÃ  ko áº£nh hÆ°á»Ÿng gÃ¬ bÃªn trong. BÃ¬nh nhá» xinh, cháº¡y Ãªm, ko bá»‹ á»“n",5,positive,2,train
114,"BÃ¬nh nhá» xinh. Cháº¯c cháº¯n, hÃ ng táº·ng nÃªn ko Ä‘Ã²i há»i nhiá»u.",5,positive,2,train
115,BÃ¬nh nÆ°á»›c Ä‘áº¹p.,5,positive,2,train
116,"BÃ¬nh nÆ°á»›c Ä‘Æ°á»£c táº·ng kÃ¨m ráº¥t Ä‘áº¹p, cháº¯c cháº¯n, quÃ¡ Æ° lÃ  Æ°ng luÃ´n",5,positive,2,train
117,"BÃ¬nh ráº¥t xinh, cáº§m náº·ng tay",5,positive,2,train
118,binh siÃªu tá»‘c Ä‘áº¹p cháº¯c cháº¯n .nÃªn mua,5,positive,2,train
119,"BÃ¬nh siÃªu tá»‘c dÃ¹ng ráº¥t á»•n, mÃ u Ä‘áº¹p, nÃºt má»Ÿ cÅ©ng tiá»‡n dá»¥ng, nÆ°á»›c sÃ´i ngoÃ i bÃ¬nh khÃ´ng quÃ¡ nÃ³ng. Xá»‹n (hÃ¬nh nháº­n xu)",5,positive,2,val
120,"Bá»™ 2 cháº£o chá»‘ng dÃ­nh Ä‘Ã¡y tá»« vÃ¢n Ä‘Ã¡ cao cáº¥p hÃ ng chÃ­nh hÃ£ng Tefal. Cháº£o cháº¥t lÆ°á»£ng tá»‘t, kiá»ƒu dÃ¡ng Ä‘áº¹p. Vote shop 5 sao.",5,positive,2,train
121,"Bá»™ 2 cháº£o chá»‘ng dÃ­nh vÃ¢n Ä‘Ã¡ tefal natura hÃ ng Ä‘áº¹p, má»ng vá»«a vÃ  nháº¹, lá»›p chá»‘ng dÃ­nh tá»‘t. NhÆ°ng cÃ¡c cáº¡nh viá»n cháº£o hÆ¡i sáº¯c",5,positive,2,train
122,"Bá»™ 2 cháº£o Ä‘áº¹p, cáº§m cháº¯c tay, hÃ i lÃ²ng.",5,positive,2,val
123,"bá»™ 2 cháº£o tuyá»‡t vá»i, mÃ u sáº¯c ráº¥t báº¯t máº¯t, ráº¥t xá»‹n xÃ², giao hÃ ng nhanh, shipper thÃ¢n thiá»‡n, nhiá»‡t tÃ¬nh",5,positive,2,train
124,"Bá»™ 3 cháº£o chá»‘ng dÃ­nh vÃ¢n Ä‘Ã¡ Tefal natura khÃ¡ ok. Giao hÃ ng nhanh chÃ³ng. ÄÃ³ng gÃ³i cháº¯c cháº¯n vÃ  Ä‘áº¹p, KhÃ´ng bá»‹ mÃ³p mÃ©o. ",5,positive,2,train
125,"Bá»™ 3 cháº£o cÅ©ng tá»‘t, size cháº£o sÃ¢u lÃ²ng lÃ  to nháº¥t, 1 cháº£o vá»«a, cháº£o cÃ²n láº¡i lÃ  size nhá». Bá»™ nÃ y phÃ¹ há»£p sá»­ dá»¥ng cho gia Ä‘Ã¬nh táº§m 3, 4 ngÆ°á»i. Mua 9/9 sale cÃ²n 378k cho bá»™ 3 cháº£o.",5,positive,2,train
126,bá»™ 3 cháº£o Ä‘áº¹p giÃ¡ ráº» tÆ°Æ¡ng Ä‘á»‘i so vá»›i mua láº» tá»«ng mÃ³n. thÆ°Æ¡ng hiá»‡u chÃ¢u Ã¢u nÃªn cÅ©ng yÃªn tÃ¢m nhÆ°ng sp sx TQ . sá»­ dá»¥ng chÆ°a lÃ¢u nÃªn chÆ°a biáº¿t Ä‘á»™ bá»n cá»§a chá»‘ng dÃ­nh,5,positive,2,train
127,"Bá»™ 3 cháº£o Ä‘áº¹p, xá»‹n sÃ² nhÆ°ng khÃ´ng dÃ y báº±ng bá»™ ná»“i cháº£o mÃ u Ä‘á» mÃ  tÃ´i Ä‘Ã£ mua cá»§a shop trÆ°á»›c Ä‘Ã¢y nhÆ°ng mua sale Ä‘Æ°á»£c giÃ¡ ráº¥t ráº», giao hÃ ng nhanh, Ä‘Ã³ng gÃ³i cáº©n tháº­n. Ráº¥t hÃ i lÃ²ng.",5,positive,2,train
128,"Bá»™ 3 cháº£o nÃ y dÃ¹ng ok nÃ¨. NhÃ  nÃ o chÆ°a cÃ³ nÃªn mua. LÃºc Ä‘áº§u mua vá», chá»“ng mÃ¬nh kÃªu lÃ  dÃ¹ng báº¿p tá»«, hÃªn lÃ  ko pháº£i, dÃ¹ng báº¿p ga váº«n Ä‘Æ°á»£c. Chá»“ng mÃ¬nh hay láº¥y cháº£o sÃ¢u lÃ²ng Ä‘á»ƒ náº¥u bÃºn, phá»Ÿ Äƒn sÃ¡ng ğŸ˜‚",5,positive,2,train
129,"bá»™ 3 ná»“i nÃ y ráº¥t thÃ­ch, dÃ y dáº·n, Ä‘Ã³ng gÃ³i cáº©n tháº­n. Ä‘Ã£ mua Ä‘áº¿n bá»™ thá»© 3 há»™ báº¡n bÃ¨. shiper dá»… thÆ°Æ¡ng nhiá»‡t tÃ¬nh ",5,positive,2,val
130,Bá»™ ba tháº§n thÃ¡nh thanks shop.,5,positive,2,val
131,Bá»™ cháº£o Ä‘áº¹p cáº§m cháº¯c tay láº¯m áº¡,5,positive,2,train
132,"bá»™ cháº£o Ä‘áº¹p ghÃª, dÃ y dáº·n. hÃ ng cá»§a tefal thÃ¬ cháº¥t lÆ°á»£ng rá»“i, mua Ä‘c giÃ¡ há»i ná»¯a",5,positive,2,val
133,"bá»™ cháº£o Ä‘áº¹p, cháº¯c cháº¯n, chiÃªn xÃ o tá»‘t, chá»‘ng dÃ­nh tá»‘t, cháº¥t lÆ°á»£ng tuyá»‡t vá»i. giao hÃ ng nhanh chÃ³ng. ",5,positive,2,train
134,"Bá»™ cháº£o Ä‘áº¹p, nhÃ¬n sá»‹n sÃ² láº¯m nha, giÃ¡ ráº», mÃ¬nh Ä‘áº·t ngay ko suy nghÄ© mÃ  vá» mÃ¬nh ko xÃ i Ä‘Æ°á»£c vÃ¬ ko sá»­ dá»¥ng Ä‘Æ°á»£c cho báº¿p tá»«, mÃ¬nh táº·ng ngÆ°á»i khÃ¡c luÃ´n rá»“i",5,positive,2,train
135,"bá»™ cháº£o Ä‘áº¹p,Ä‘Ã³ng gÃ³i cáº©n tháº­n,nhÆ°ng cÃ¡i cÃ¡n cháº£o xÃ i má»™t thá»i gian cá»© bá»‹ lá»ng ra pháº£i vÄƒtn á»‘c láº¡i máº¥y láº§n",5,positive,2,val
136,"Bá»™ cháº£o giao Ä‘áº¿n cháº¯c cháº¯n 
GÃ³i hÃ ng cáº©n tháº­n 

Cháº¥t lÆ°á»£ng cháº£o táº¡m á»•n nhÆ° kÃ¬ vá»ng

Kkkkkkkkkk",5,positive,2,val
137,bá»™ cháº£o quÃ¡ Ä‘áº¹p,5,positive,2,val
138,"bá»™ cháº£o ráº¥t Ä‘áº¹p cáº§m náº·ng tay, chÆ°a dÃ¹ng nÃªn k biáº¿t cháº¥t lÆ°á»£ng tháº¿ nÃ o .Canh sale dc thÃªm 1 cháº£o to k nghÄ© nÃ³ láº¡i dÃ y",5,positive,2,train
139,"bá»™ cháº£o ráº¥t Ä‘áº¹p vÃ  dÃ y dáº·n, shiper ráº¥t vui váº», nhiá»‡t tÃ¬nh",5,positive,2,train
140,"Bá»™ cháº£o thá»© 2 mua cá»§a shop, 3 cháº£o mÃ  mua chá»‰ 370k, quÃ¡ ráº» vÃ  ráº¥t Ä‘Ã¡ng tiá»n. Cháº£o chá»‰ dÃ¹ng Ä‘Æ°á»£c vá»›i báº¿p gas, chiÃªn rÃ¡n ráº¥t tá»‘t, sáº¡ch sáº½. Láº§n trÆ°á»›c chuáº©n bá»‹ hÃ ng lÃ¢u, nhÆ°ng láº§n nÃ y dÃ¹ dá»‹ch nhÆ°ng giao nhanh",5,positive,2,train
141,"Bá»™ cháº£o xinh láº¯m, vá»«a gá»n cho gia Ä‘Ã¬nh nhá». MÃ¬nh ráº¥t hÃ i lÃ²ng vá» bá»™ nÃ y. Hi vá»ng xÃ i bá»n hihihi...",5,positive,2,train
142,Bá»™ dao táº·ng kÃ¨m ráº¥t Ä‘áº¹p. Äá»™ hoÃ n thiá»‡n cao vÃ  ráº¥t Ä‘Ã¡ng giÃ¡. Ship hÃ ng nhanh â€¦â€¦â€¦â€¦â€¦â€¦â€¦â€¦â€¦â€¦â€¦â€¦â€¦â€¦..,5,positive,2,train
143,bá»™ ná»“i  Ä‘áº¹p  dÃ y vÃ   náº·ng ráº¥t  Æ°ng  nha,5,positive,2,train
144,"Bá»™ ná»“i + cháº£o Ä‘áº¹p Ä‘Ãºng nhÆ° máº«u.HÆ¡i buá»“n vÃ¬ náº¯p ná»“i hÆ¡i mÃ©o chÃºt.Cháº¥t lÆ°á»£ng dÃ y,cháº¯c cháº¯n.",5,positive,2,train
145,"Bá»™ ná»“i cháº¯c cháº¯n, mÃ u Ä‘áº¹p. Xá»©ng Ä‘Ã¡ng Ä‘áº§u tÆ°",5,positive,2,val
146,"Bá»™ ná»“i cháº£o cáº§m ráº¥t Ä‘áº§m tay, cháº¯c cháº¯n, canh sale mua giÃ¡ 481k fs tá»« HCM ra HN, ná»“i to hÆ¡n tÆ°á»Ÿng tÆ°á»£ng, Ä‘Ã£ mua láº§n thá»© 2.",5,positive,2,train
147,"bá»™ ná»“i cháº£o dÃ y dáº·n, cháº¥t lÆ°á»£ng tá»‘t. ráº¥t hÃ i lÃ²ng",5,positive,2,train
148,"Bá»™ ná»“i cháº£o dÃ y dáº·n, Ä‘áº¹p",5,positive,2,train
149,"bá»™ ná»“i cháº£o Ä‘áº¹p ko bá»‹ mÃ³p, mua hÃ´m 24.11 giÃ¡ 1.345k, táº·ng 1 mÃ¡y xay",5,positive,2,train
150,bá»™ ná»“i cháº£o Ä‘áº¹p láº¯m!,5,positive,2,val
151,"Bá»™ ná»“i cháº£o Ä‘áº¹p nhÆ° hÃ¬nh, Ä‘Ã³ng gÃ³i cá»±c ká»³ cáº©n tháº­n. Chá»‰ cÃ³ Ä‘iá»u mua vá» bá»‹ ck vÃ  máº¹ ck chÃª vÃ¬ combo vÃ  quÃ  táº·ng chÆ°a há»£p lÃ½: cháº£o thÃ¬ 3 cÃ¡i mÃ  ná»“i láº¡i cÃ³ 1 cÃ¡i. Náº¿u Ä‘á»•i qua táº·ng ná»“i thay vÃ¬ cháº£o thÃ¬ sáº½ há»£p lÃ½ hÆ¡n.",4,positive,2,val
152,"bá»™ ná»“i cháº£o Ä‘áº¹p xuáº¥t sáº¯c, dÃ y cháº¯c cháº¯n, váº­n chuyá»ƒn nhanh, Ä‘Ã³ng gÃ³i ká»¹ cÃ ng, chÆ°a sá»­ dá»¥ng nhÆ°ng nhÃ¬n ngoáº¡i wan ráº¥t Æ°ng!",5,positive,2,train
153,"Bá»™ ná»“i cháº£o Ä‘áº¹p, cháº¯c cháº¯n, cáº§m cháº¯c tay Mua Ä‘Æ°á»£c vá»›i giÃ¡ 604k ráº¥t hÃ i lÃ²ng GÃ³i hÃ ng ká»¹, khÃ´ng bá»‹ mÃ³p mÃ©o.",5,positive,2,val
154,"Bá»™ ná»“i cháº£o Ä‘áº¹p, nhÆ°ng chÃ o lá»›n vÃ  quÃ¡nh khÃ´ng Äƒn tá»« báº¿p ChÃ¢u Ã‚u, mÃ³n kia Äƒn tá»« tá»‘t, bÃ n á»§i Ä‘áº¹p",5,positive,2,val
155,Bá»™ ná»“i cháº£o Ä‘áº¹p.mÃ¬nh ráº¥t Æ°ng Ã½,5,positive,2,train
156,Bá»™ ná»“i cháº£o nÃ y ráº¥t Ä‘Ã¡ng mua. Cháº¯c cháº¯n láº¯m Ã½ mÃ  giÃ¡ láº¡i tá»‘t ná»¯a. NÃ³i chung lÃ  ráº¥t ráº¥t hÃ i lÃ²ng. Cáº£m Æ¡n shop nhÃ© â¤ï¸â¤ï¸â¤ï¸,5,positive,2,train
157,"Bá»™ ná»“i cháº£o nhÃ¬n Ä‘áº¹p,  cÃ²n lÃ¢u bá»n khÃ´ng thÃ¬ chÆ°a biáº¿t, cháº£o nhÆ° lá»—i ká»¹ thuáº­t hay sao áº¥y, dáº§u tranf xung quanh chá»© khÃ´ng á»Ÿ giá»¯a vÃ¬ lá»›p chá»‘ng dÃ­nh má»›i cÃ²n tá»‘t nÃªn táº¡m Ä‘Æ°á»£c,  dá»¥ng báº¿p tá»« nhÆ°ng tháº¥y báº¯t tá»« khÃ´ng nháº¡y láº¯m",4,positive,2,train
158,Bá»™ ná»“i cháº£o ráº¥t Ä‘áº¹p vÃ  cháº¯c cháº¯n.HÃ ng Ä‘Æ°á»£c gÃ³i cáº©n tháº­n vÃ  giao ráº¥t nhanh. SÄƒn sales nÃªn Ä‘Æ°á»£c giÃ¡ tá»‘t vÃ  Ä‘Æ°á»£c táº·ng mÃ¡y xay Ä‘a nÄƒng ná»¯a.,5,positive,2,train
159,"bá»™ ná»“i cháº£o ráº¥t Ä‘áº¹p, cháº¯c cháº¯n , ráº¥t hÃ i lÃ²ng !",5,positive,2,train
160,"Bá»™ ná»“i cháº£o ráº¥t Ä‘áº¹p, giÃºp gÃ³c báº¿p nhÃ  mÃ¬nh sÃ¡ng choang & sang cháº£nh háº³n lÃªn. Ráº¥t Æ°ng bá»¥ng vÃ¬ sáº£n pháº©m dÃ y dáº·n, cá»©ng cÃ¡p & khÃ´ng quÃ¡ náº·ng giÃºp viá»‡c náº¥u nÆ°á»›ng ráº¥t thoáº£i mÃ¡i. ÄÃ£ mua thÃªm 2 bá»™ cho máº¹ & máº¹ chá»“ng mÃ¬nh á»Ÿ quÃª. Highly recommend bá»™ nÃ y nha má»i ngÆ°á»i. CÃ¡c báº¡n canh mega sales mua thÃ¬ giÃ¡ sáº½ tá»‘t hÆ¡n & Ä‘Æ°á»£c táº·ng quÃ  xá»‹n xÃ² hÆ¡n ğŸ™‚",5,positive,2,train
161,"Bá»™ ná»“i cháº£o ráº¥t Ä‘áº¹p, hÃ ng dÃ y vÃ  cháº¯c cháº¯n, hÃ ng sale nÃªn mua Ä‘Æ°á»£c giÃ¡ ráº», Ä‘Ã³ng gÃ³i cáº©n tháº­n, ráº¥t hÃ i lÃ²ng nhÆ°ng giao hÃ ng bá»‹ trá»…",5,positive,2,train
162,"bá»™ ná»“i cháº£o ráº¥t Ä‘áº¹p, khÃ´ng mÃ³p mÃ©o, tuy nhiÃªn tay cáº§m cháº£o bá»‹ lá»ng á»‘c, váº·n láº¡i cháº¯c k sao. Shop giao hÃ ng ráº¥t nhanh. MÃ¬nh ráº¥t hÃ i lÃ²ng.",5,positive,2,train
163,"Bá»™ ná»“i cháº£o siÃªu Ä‘áº¹p, cháº¯c cháº¯n. Ko nghÄ© lÃ  ná»“i nÃ³ bá»± dá»¯ váº­y. Cháº£o thÃ¬ ráº¥t Ä‘áº¹p luÃ´n. ÄÃ³ng gÃ³i cÅ©ng bao kÄ©, ko bá»‹ mÃ³p mÃ©o",5,positive,2,train
164,"bá»™ ná»“i cháº£o to náº·ng, xá»‹n xÃ². Ráº¥t thÃ­ch tuy nhiÃªn náº¯p ná»“i cÃ³ bá»‹ mÃ³p 1 chÃºt, kg mÃ³p thÃ¬ hoÃ n háº£o láº¯m láº¯m. Cháº£o táº·ng bÃ© xinh xinh.",5,positive,2,train
165,"bá»™ ná»“i cháº¥t lÆ°á»£ng, Ä‘áº¹p, vung khÃ­t, chuáº©n hÃ ng tefal, sáº½ mua láº¡i khi cÃ³ dá»‹p",5,positive,2,train
166,Bá»™ ná»“i Ä‘áº¹p ,5,positive,2,val
167,"Bá»™ ná»“i Ä‘áº¹p quÃ¡, Ä‘un náº¥u ráº¥t Æ°ng. Trc Ä‘Ã³ m Ä‘Ã£ Ä‘Ã¹ng 1 bá»™ hÃ ng xÃ¡ch tay 3 nÄƒm. Bjo má»›i mua bá»™ khÃ¡c Ä‘á»ƒ thay. Bá»™ nÃ y cháº¯c cháº¯n hÆ¡n bá»™ xÃ¡ch tay m mua",5,positive,2,train
168,Bá»™ ná»“i Ä‘áº¹p vÃ  ráº¥t cháº¯n cháº¯n. Tefal giao hÃ ng siÃªu siÃªu nhanh vÃ  luÃ´n Ä‘Ã³ng gÃ³i ráº¥t ká»¹ cÃ ng. Ná»“i vÃ  cháº£o cá»§a nhÃ  mÃ¬nh giá» toÃ n tá»« Tefal cáº£.,5,positive,2,train
169,"Bá»™ ná»“i Ä‘áº¹p, ÄÃ³ng gÃ³i cáº©n tháº­n",5,positive,2,train
170,"Bá»™ ná»“i Ä‘áº¹p, xá»‹n xÃ², hÃ ng giao nguyÃªn váº¹n, k mÃ©o mÃ³, xÆ°á»›c, bong trÃ³c gÃ¬ cáº£. Ship hÃ ng ráº¥t nhanh, quÃ  táº·ng cacao ráº¥t ngon",5,positive,2,train
171,"Bá»™ ná»“i Ä‘áº¹p. Bá»c khÃ¡ ká»¹, quáº¥n nylon bÃ³ng khÃ­ nhiá»u lá»›p. Tuy váº­y náº¿u giao hÃ ng tá»‰nh xa thÃ¬ nÃªn chÃ¨n thÃªm xá»‘p. HÃ ng Ä‘Ãºng vá»›i thÃ´ng tin quáº£ng cÃ¡o. Ráº¥t Æ°ng Ã½.",5,positive,2,train
172,Bá»™ ná»“i Ä‘áº¹p. Cháº¯c cháº¯n. Cáº§m vá»«a tay. PhÃ¹ hÆ¡ph vá»›i giÃ¡ tiá»n. ÄÆ°á»£ táº·ng thÃªm 1 chiáº¿c cháº£o ná»¯a. Sáº£n pháº©m cÃ³ giáº¥y báº£o hÃ nh cá»§a hangz,5,positive,2,val
173,"bá»™ ná»“i Ä‘á»§ 3 chiáº¿c, Ä‘Ãºng kÃ­ch thÆ°á»›c, bÃ³ng Ä‘áº¹p, hy vá»ng sáº½ bÃ³ng lÃ¢u.
bá»™ ná»“i Ä‘á»§ 3 chiáº¿c, Ä‘Ãºng kÃ­ch thÆ°á»›c, bÃ³ng Ä‘áº¹p, hy vá»ng sáº½ bÃ³ng lÃ¢u.",5,positive,2,train
174,"Bá»™ ná»“i dÃ¹ng thÃ­ch , dÃ y dáº·n , to hÆ¡n mÃ¬nh nghÄ©",5,positive,2,train
175,"Bá»™ ná»“i khÃ¡ Ä‘áº¹p, Ä‘Ã£ mua láº§n 2, tuy nhiÃªn láº§n nÃ y nháº­n bá»‹ xÆ°á»›c.",4,positive,2,train
176,"Bá»™ ná»“i má»ng khÃ´ng nhÆ° kÃ¬ vá»ng náº¿u giÃ¡ khÃ´ng giáº£m lÃ  Ä‘áº¯t,may lÃ  mua lÃºc giáº£m giÃ¡ nÃªn coi nhÆ° á»•n,má»i ngÆ°á»i nÃªn mua.",4,positive,2,train
177,"Bá»™ ná»“i nÃ y Ä‘áº¹p, cháº¯c cháº¯n, dÃ y dáº·n, ráº¥t Ä‘Ã¡ng tiá»n Ä‘á»ƒ mua, mua Ä‘Æ°á»£c giÃ¡ sale nÃªn hÃ i lÃ²ng. Vá»«a Ä‘áº·t thÃªm combo 3 ná»“i cháº£o, sáº½ tiáº¿p tá»¥c á»§ng há»™ Tefal",5,positive,2,train
178,Bá»™ ná»“i nhÃ¬n ráº¥t Ä‘áº¹p nhÆ°ng 2 tay cáº§m nhÃ¬n hÆ¡i thÃ´ vÃ  chiáº¿m nhiá»u diá»‡n tÃ­ch khi cáº¥t,5,positive,2,train
179,"bá»™ ná»“i ok, Ä‘áº¹p,cháº¯c cháº¯n,ko biáº¿t tay cáº§m lÃºc náº¥u cÃ³ bá»‹ nÃ³ng ko, cÃ²n láº¡i ráº¥t á»•n. Cháº£o dc táº·ng cÅ©ng dÃ y dáº·n, xá»‹n sÃ², nÃªn mua!!!",5,positive,2,train
180,"Bá»™ ná»“i ráº¥t Ä‘áº¹p áº¡. Shop giao hÃ ng nhanh, Ä‘Ã³ng gÃ³i cáº©n tháº­n. MÃ¬nh mua vs giÃ¡ 536k ráº¥t Æ°ng. ÄÃ£ tá»«ng mua ná»“i chiÃªn khÃ´ng dáº§u vÃ  cháº£o hÃ£ng nÃ y. NÃªn mua nha mng",5,positive,2,val
181,bá»™ ná»“i ráº¥t Ä‘áº¹p xÃ i ráº¥t thÃ­ch. náº¥u nhanh vÃ  ngon.chá»‰ má»—i 1d trá»« lÃ  giá»¯a cháº£o bá»‹ cong.dáº§u cá»© cháº£y ra xung quanh chá»© kg náº±m á»Ÿ giá»¯a ,5,positive,2,train
182,"Bá»™ ná»“i ráº¥t Ä‘áº¹p, dÃ y dáº·n, cháº¯c cháº¯n. Mua Ä‘Æ°á»£c giÃ¡ sale nÃªn ráº¥t hÃ i lÃ²ng, sáº½ tiáº¿p tá»¥c mua nhá»¯ng sáº£n pháº©m khÃ¡c cá»§a Tefal",5,positive,2,train
183,"Bá»™ ná»“i ráº¥t Ä‘áº¹p, inox sÃ¡ng bÃ³ng, dáº§y, Ä‘Ã³ng gÃ³i ká»¹, giÃ¡ phÃ¹ há»£p, nÃ³i chung ráº¥t hÃ i lÃ²ng, Ä‘Ã¡ng mua",5,positive,2,train
184,"Bá»™ ná»“i ráº¥t Ä‘áº¹p, mÃ¬nh ráº¥t Æ°ng Ä‘Ã¡ng mua",5,positive,2,val
185,"Bá»™ ná»“i siÃªu xinh, dÃ y dáº·n, mÃ u sang, mÃ¬nh Ä‘á»c fb cÅ©ng lo sáº½ bá»‹ mÃ³p mÃ©o nhÆ°ng khi vá» tay ngoÃ i sá»©c tÆ°á»Ÿng tÆ°á»£ng luÃ´n. Pháº£i nÃ³i lÃ  xá»‹n cá»±c ká»³, ráº¥t Ä‘Ã¡ng mua. ThÃªm anh giao hÃ ng cá»±c ká»³ tá»‘t, cáº©n tháº­n, Ä‘angs yÃªu.",5,positive,2,train
186,"Bá»™ ná»“i siu Ä‘áº¹p siu cháº¥t sÄƒn sale cÃ³ hÆ¡n 800,k láº¡i cÃ²n Ä‘c táº·ng dao soi bÃ©n. NÃ³i chung lÃ  Æ°ng cá»±c ká»³",5,positive,2,val
187,Bá»™ pháº­n chÄƒm sÃ³c KH vÃ  Báº£o hÃ nh cá»§a Tefal ráº¥t tuyá»‡t vá»i! Cáº£m Æ¡n cÃ¡c e ráº¥t nhiá»u!!!,5,positive,2,train
188,"Bá»™ sáº£n pháº©m Ä‘áº¹p ,dÃ y dáº·n nÃªn mÃ¬nh mua tiáº¿p láº§n 2 Ä‘á»ƒ táº·ng gia Ä‘Ã¬nh, Ä‘Æ°á»£c táº·ng thÃªm cháº£o 20cm. Giao hÃ ng nhanh, hÃ i lÃ²ng vá» shop",5,positive,2,val
189,"bÃ´ sáº£n pháº©m ráº¥t Ä‘áº¹p , cháº¯c cháº¯n, khÃ¡ hÃ i lÃ²ng.  Ä‘Ãºng hÃ ng chÃ­nh hÃ£ng,  chiÃªn , xÃ o ráº¥t thÃ­ch. cho shop 5 sao",5,positive,2,train
190,"Bá»™ sáº£n pháº©m ráº¥t ok, Ä‘Ã³ng gÃ³i ká»¹, vÃ¬ Ä‘Ã£ sá»­ dá»¥ng rá»“i nÃªn tranh thá»§ khuyáº¿n mÃ£i mua thÃªm. ChÆ°a ká»‹p chá»¥p sp tháº­t Ä‘á»ƒ Ä‘Äƒng. giao hÃ ng nhjah hÆ¡n thá»i gian dá»± kiáº¿n, shipper khu vá»±c cá»§a mÃ¬nh cho 5 sao",5,positive,2,train
191,"bá»™ xong ná»“i dáº§y dáº·n, nhÃ¬n Ä‘áº¹p Ä‘Ã³ng gÃ³i cáº©n tháº­n. giao hÃ ng nhanh nhÆ°ng tháº¥y báº¯t tá»« há»Ÿi cháº­m truyá»n nhiá»‡t khÃ´ng nhanh hÃ ng táº·ng chÃ­nh hÃ£ng",4,positive,2,train
192,BÃ¬nh 19 thg 2 2022,5,neutral,1,train
193,BÃ¹i Ä. 15 thg 2 2022,5,neutral,1,train
194,Bui P. 09 thg 2 2022,5,neutral,1,train
195,Bui T. 20 thg 2 2022,5,neutral,1,train
196,Canh B. 16 thg 2 2022,5,neutral,1,train
197,Chuu T. 06 thg 2 2022,5,neutral,1,train
198,CÃ´ H. 23 thg 2 2022,5,neutral,1,val
199,ÄÃ m T. 13 thg 2 2022,4,neutral,1,val
200,Äáº·ng V. 19 thg 2 2022,5,neutral,1,train
4,cháº£o giao bá»‹ mÃ³p,1,negative,0,train
1,BÃ¡n toÃ n Ä‘á»“ mÃ³p khÃ´ng,1,negative,0,train
2,cháº£ dÃ¹ng Ä‘Æ°á»£c viá»‡c gÃ¬,2,negative,0,train
2,cháº£ dÃ¹ng Ä‘Æ°á»£c viá»‡c gÃ¬,2,negative,0,train
5,giao hÃ ng quÃ¡ cháº­m,3,negative,0,train
5,giao hÃ ng quÃ¡ cháº­m,3,negative,0,train
6,the fan can't turn on,5,negative,0,train
1,BÃ¡n toÃ n Ä‘á»“ mÃ³p khÃ´ng,1,negative,0,train
3,Cháº£o chiÃªn ko Ä‘áº¹p,2,negative,0,val
1,BÃ¡n toÃ n Ä‘á»“ mÃ³p khÃ´ng,1,negative,0,train
2,cháº£ dÃ¹ng Ä‘Æ°á»£c viá»‡c gÃ¬,2,negative,0,train
4,cháº£o giao bá»‹ mÃ³p,1,negative,0,train
1,BÃ¡n toÃ n Ä‘á»“ mÃ³p khÃ´ng,1,negative,0,train
2,cháº£ dÃ¹ng Ä‘Æ°á»£c viá»‡c gÃ¬,2,negative,0,train
4,cháº£o giao bá»‹ mÃ³p,1,negative,0,val
4,cháº£o giao bá»‹ mÃ³p,1,negative,0,val
2,cháº£ dÃ¹ng Ä‘Æ°á»£c viá»‡c gÃ¬,2,negative,0,train
4,cháº£o giao bá»‹ mÃ³p,1,negative,0,train
5,giao hÃ ng quÃ¡ cháº­m,3,negative,0,train
1,BÃ¡n toÃ n Ä‘á»“ mÃ³p khÃ´ng,1,negative,0,train
5,giao hÃ ng quÃ¡ cháº­m,3,negative,0,train
5,giao hÃ ng quÃ¡ cháº­m,3,negative,0,train
3,Cháº£o chiÃªn ko Ä‘áº¹p,2,negative,0,train
1,BÃ¡n toÃ n Ä‘á»“ mÃ³p khÃ´ng,1,negative,0,train
6,the fan can't turn on,5,negative,0,train
3,Cháº£o chiÃªn ko Ä‘áº¹p,2,negative,0,train
1,BÃ¡n toÃ n Ä‘á»“ mÃ³p khÃ´ng,1,negative,0,train
1,BÃ¡n toÃ n Ä‘á»“ mÃ³p khÃ´ng,1,negative,0,train
6,the fan can't turn on,5,negative,0,train
4,cháº£o giao bá»‹ mÃ³p,1,negative,0,train
5,giao hÃ ng quÃ¡ cháº­m,3,negative,0,train
5,giao hÃ ng quÃ¡ cháº­m,3,negative,0,val
4,cháº£o giao bá»‹ mÃ³p,1,negative,0,train
6,the fan can't turn on,5,negative,0,train
3,Cháº£o chiÃªn ko Ä‘áº¹p,2,negative,0,train
4,cháº£o giao bá»‹ mÃ³p,1,negative,0,train
5,giao hÃ ng quÃ¡ cháº­m,3,negative,0,train
4,cháº£o giao bá»‹ mÃ³p,1,negative,0,train
6,the fan can't turn on,5,negative,0,train
4,cháº£o giao bá»‹ mÃ³p,1,negative,0,train
5,giao hÃ ng quÃ¡ cháº­m,3,negative,0,train
1,BÃ¡n toÃ n Ä‘á»“ mÃ³p khÃ´ng,1,negative,0,train
2,cháº£ dÃ¹ng Ä‘Æ°á»£c viá»‡c gÃ¬,2,negative,0,val
2,cháº£ dÃ¹ng Ä‘Æ°á»£c viá»‡c gÃ¬,2,negative,0,train
1,BÃ¡n toÃ n Ä‘á»“ mÃ³p khÃ´ng,1,negative,0,val
2,cháº£ dÃ¹ng Ä‘Æ°á»£c viá»‡c gÃ¬,2,negative,0,train
1,BÃ¡n toÃ n Ä‘á»“ mÃ³p khÃ´ng,1,negative,0,val
2,cháº£ dÃ¹ng Ä‘Æ°á»£c viá»‡c gÃ¬,2,negative,0,train
4,cháº£o giao bá»‹ mÃ³p,1,negative,0,val
3,Cháº£o chiÃªn ko Ä‘áº¹p,2,negative,0,train
3,Cháº£o chiÃªn ko Ä‘áº¹p,2,negative,0,train
2,cháº£ dÃ¹ng Ä‘Æ°á»£c viá»‡c gÃ¬,2,negative,0,val
2,cháº£ dÃ¹ng Ä‘Æ°á»£c viá»‡c gÃ¬,2,negative,0,val
6,the fan can't turn on,5,negative,0,train
4,cháº£o giao bá»‹ mÃ³p,1,negative,0,train
4,cháº£o giao bá»‹ mÃ³p,1,negative,0,train
2,cháº£ dÃ¹ng Ä‘Æ°á»£c viá»‡c gÃ¬,2,negative,0,train
5,giao hÃ ng quÃ¡ cháº­m,3,negative,0,val
1,BÃ¡n toÃ n Ä‘á»“ mÃ³p khÃ´ng,1,negative,0,train
3,Cháº£o chiÃªn ko Ä‘áº¹p,2,negative,0,train
6,the fan can't turn on,5,negative,0,train
4,cháº£o giao bá»‹ mÃ³p,1,negative,0,train
4,cháº£o giao bá»‹ mÃ³p,1,negative,0,train
5,giao hÃ ng quÃ¡ cháº­m,3,negative,0,train
6,the fan can't turn on,5,negative,0,train
5,giao hÃ ng quÃ¡ cháº­m,3,negative,0,val
2,cháº£ dÃ¹ng Ä‘Æ°á»£c viá»‡c gÃ¬,2,negative,0,train
1,BÃ¡n toÃ n Ä‘á»“ mÃ³p khÃ´ng,1,negative,0,train
2,cháº£ dÃ¹ng Ä‘Æ°á»£c viá»‡c gÃ¬,2,negative,0,val
2,cháº£ dÃ¹ng Ä‘Æ°á»£c viá»‡c gÃ¬,2,negative,0,train
2,cháº£ dÃ¹ng Ä‘Æ°á»£c viá»‡c gÃ¬,2,negative,0,train
6,the fan can't turn on,5,negative,0,train
6,the fan can't turn on,5,negative,0,train
2,cháº£ dÃ¹ng Ä‘Æ°á»£c viá»‡c gÃ¬,2,negative,0,train
4,cháº£o giao bá»‹ mÃ³p,1,negative,0,train
3,Cháº£o chiÃªn ko Ä‘áº¹p,2,negative,0,train
6,the fan can't turn on,5,negative,0,train
3,Cháº£o chiÃªn ko Ä‘áº¹p,2,negative,0,train
2,cháº£ dÃ¹ng Ä‘Æ°á»£c viá»‡c gÃ¬,2,negative,0,train
2,cháº£ dÃ¹ng Ä‘Æ°á»£c viá»‡c gÃ¬,2,negative,0,train
4,cháº£o giao bá»‹ mÃ³p,1,negative,0,train
2,cháº£ dÃ¹ng Ä‘Æ°á»£c viá»‡c gÃ¬,2,negative,0,val
4,cháº£o giao bá»‹ mÃ³p,1,negative,0,val
6,the fan can't turn on,5,negative,0,train
3,Cháº£o chiÃªn ko Ä‘áº¹p,2,negative,0,train
2,cháº£ dÃ¹ng Ä‘Æ°á»£c viá»‡c gÃ¬,2,negative,0,train
6,the fan can't turn on,5,negative,0,val
4,cháº£o giao bá»‹ mÃ³p,1,negative,0,train
1,BÃ¡n toÃ n Ä‘á»“ mÃ³p khÃ´ng,1,negative,0,train
1,BÃ¡n toÃ n Ä‘á»“ mÃ³p khÃ´ng,1,negative,0,train
1,BÃ¡n toÃ n Ä‘á»“ mÃ³p khÃ´ng,1,negative,0,train
4,cháº£o giao bá»‹ mÃ³p,1,negative,0,train
5,giao hÃ ng quÃ¡ cháº­m,3,negative,0,train
3,Cháº£o chiÃªn ko Ä‘áº¹p,2,negative,0,val
1,BÃ¡n toÃ n Ä‘á»“ mÃ³p khÃ´ng,1,negative,0,train
3,Cháº£o chiÃªn ko Ä‘áº¹p,2,negative,0,train
6,the fan can't turn on,5,negative,0,val
4,cháº£o giao bá»‹ mÃ³p,1,negative,0,val
6,the fan can't turn on,5,negative,0,train
6,the fan can't turn on,5,negative,0,train
1,BÃ¡n toÃ n Ä‘á»“ mÃ³p khÃ´ng,1,negative,0,val
5,giao hÃ ng quÃ¡ cháº­m,3,negative,0,val
5,giao hÃ ng quÃ¡ cháº­m,3,negative,0,train
4,cháº£o giao bá»‹ mÃ³p,1,negative,0,train
2,cháº£ dÃ¹ng Ä‘Æ°á»£c viá»‡c gÃ¬,2,negative,0,train
4,cháº£o giao bá»‹ mÃ³p,1,negative,0,train
1,BÃ¡n toÃ n Ä‘á»“ mÃ³p khÃ´ng,1,negative,0,train
3,Cháº£o chiÃªn ko Ä‘áº¹p,2,negative,0,train
3,Cháº£o chiÃªn ko Ä‘áº¹p,2,negative,0,train
6,the fan can't turn on,5,negative,0,train
6,the fan can't turn on,5,negative,0,val
2,cháº£ dÃ¹ng Ä‘Æ°á»£c viá»‡c gÃ¬,2,negative,0,train
4,cháº£o giao bá»‹ mÃ³p,1,negative,0,train
2,cháº£ dÃ¹ng Ä‘Æ°á»£c viá»‡c gÃ¬,2,negative,0,train
6,the fan can't turn on,5,negative,0,train
6,the fan can't turn on,5,negative,0,val
2,cháº£ dÃ¹ng Ä‘Æ°á»£c viá»‡c gÃ¬,2,negative,0,train
4,cháº£o giao bá»‹ mÃ³p,1,negative,0,train
4,cháº£o giao bá»‹ mÃ³p,1,negative,0,train
1,BÃ¡n toÃ n Ä‘á»“ mÃ³p khÃ´ng,1,negative,0,train
5,giao hÃ ng quÃ¡ cháº­m,3,negative,0,train
4,cháº£o giao bá»‹ mÃ³p,1,negative,0,train
5,giao hÃ ng quÃ¡ cháº­m,3,negative,0,train
4,cháº£o giao bá»‹ mÃ³p,1,negative,0,val
1,BÃ¡n toÃ n Ä‘á»“ mÃ³p khÃ´ng,1,negative,0,val
2,cháº£ dÃ¹ng Ä‘Æ°á»£c viá»‡c gÃ¬,2,negative,0,train
1,BÃ¡n toÃ n Ä‘á»“ mÃ³p khÃ´ng,1,negative,0,train
6,the fan can't turn on,5,negative,0,train
6,the fan can't turn on,5,negative,0,val
5,giao hÃ ng quÃ¡ cháº­m,3,negative,0,train
2,cháº£ dÃ¹ng Ä‘Æ°á»£c viá»‡c gÃ¬,2,negative,0,train
1,BÃ¡n toÃ n Ä‘á»“ mÃ³p khÃ´ng,1,negative,0,train
6,the fan can't turn on,5,negative,0,train
6,the fan can't turn on,5,negative,0,train
1,BÃ¡n toÃ n Ä‘á»“ mÃ³p khÃ´ng,1,negative,0,train
3,Cháº£o chiÃªn ko Ä‘áº¹p,2,negative,0,train
1,BÃ¡n toÃ n Ä‘á»“ mÃ³p khÃ´ng,1,negative,0,train
5,giao hÃ ng quÃ¡ cháº­m,3,negative,0,train
5,giao hÃ ng quÃ¡ cháº­m,3,negative,0,train
1,BÃ¡n toÃ n Ä‘á»“ mÃ³p khÃ´ng,1,negative,0,train
3,Cháº£o chiÃªn ko Ä‘áº¹p,2,negative,0,train
4,cháº£o giao bá»‹ mÃ³p,1,negative,0,train
2,cháº£ dÃ¹ng Ä‘Æ°á»£c viá»‡c gÃ¬,2,negative,0,train
6,the fan can't turn on,5,negative,0,val
3,Cháº£o chiÃªn ko Ä‘áº¹p,2,negative,0,train
2,cháº£ dÃ¹ng Ä‘Æ°á»£c viá»‡c gÃ¬,2,negative,0,val
4,cháº£o giao bá»‹ mÃ³p,1,negative,0,train
5,giao hÃ ng quÃ¡ cháº­m,3,negative,0,train
2,cháº£ dÃ¹ng Ä‘Æ°á»£c viá»‡c gÃ¬,2,negative,0,val
2,cháº£ dÃ¹ng Ä‘Æ°á»£c viá»‡c gÃ¬,2,negative,0,train
6,the fan can't turn on,5,negative,0,train
4,cháº£o giao bá»‹ mÃ³p,1,negative,0,val
3,Cháº£o chiÃªn ko Ä‘áº¹p,2,negative,0,train
4,cháº£o giao bá»‹ mÃ³p,1,negative,0,train
1,BÃ¡n toÃ n Ä‘á»“ mÃ³p khÃ´ng,1,negative,0,val
2,cháº£ dÃ¹ng Ä‘Æ°á»£c viá»‡c gÃ¬,2,negative,0,train
3,Cháº£o chiÃªn ko Ä‘áº¹p,2,negative,0,train
4,cháº£o giao bá»‹ mÃ³p,1,negative,0,train
2,cháº£ dÃ¹ng Ä‘Æ°á»£c viá»‡c gÃ¬,2,negative,0,train
2,cháº£ dÃ¹ng Ä‘Æ°á»£c viá»‡c gÃ¬,2,negative,0,train
1,BÃ¡n toÃ n Ä‘á»“ mÃ³p khÃ´ng,1,negative,0,train
4,cháº£o giao bá»‹ mÃ³p,1,negative,0,train
2,cháº£ dÃ¹ng Ä‘Æ°á»£c viá»‡c gÃ¬,2,negative,0,train
6,the fan can't turn on,5,negative,0,train
6,the fan can't turn on,5,negative,0,val
1,BÃ¡n toÃ n Ä‘á»“ mÃ³p khÃ´ng,1,negative,0,train
2,cháº£ dÃ¹ng Ä‘Æ°á»£c viá»‡c gÃ¬,2,negative,0,train
5,giao hÃ ng quÃ¡ cháº­m,3,negative,0,train
2,cháº£ dÃ¹ng Ä‘Æ°á»£c viá»‡c gÃ¬,2,negative,0,train
1,BÃ¡n toÃ n Ä‘á»“ mÃ³p khÃ´ng,1,negative,0,val
6,the fan can't turn on,5,negative,0,train
4,cháº£o giao bá»‹ mÃ³p,1,negative,0,train
3,Cháº£o chiÃªn ko Ä‘áº¹p,2,negative,0,train
5,giao hÃ ng quÃ¡ cháº­m,3,negative,0,val
5,giao hÃ ng quÃ¡ cháº­m,3,negative,0,train
2,cháº£ dÃ¹ng Ä‘Æ°á»£c viá»‡c gÃ¬,2,negative,0,train
1,BÃ¡n toÃ n Ä‘á»“ mÃ³p khÃ´ng,1,negative,0,val
3,Cháº£o chiÃªn ko Ä‘áº¹p,2,negative,0,train
3,Cháº£o chiÃªn ko Ä‘áº¹p,2,negative,0,val
